driver_id,total_fare,avg_distance
73,172.69,32.32
52,94.16,9.73
35,94.66,16.89
98,109.78999999999999,9.21
96,129.62,29.85
31,68.04,6.54
100,309.86,29.276666666666667
26,114.32,39.6
90,11.89,46.57
95,86.74,46.98
53,58.77,11.78
92,39.66,30.44
33,56.7,44.15
84,284.88,39.965
9,140.66,43.94
1,89.74,44.97
56,64.25999999999999,20.755000000000003
49,63.78,33.52
62,8.76,43.4
83,98.05,3.36
21,110.48,36.21
94,31.18,49.87
50,46.44,2.42
57,64.58,30.62
